-- ============================================================
-- 医院病房管理系统 - 示例数据脚本
-- ============================================================

USE hospital_ward_system;

-- ============================================================
-- 科室数据（6个科室）
-- ============================================================
INSERT INTO departments(dept_name, dept_head, phone, floor) VALUES
('内科',      '张伟明', '010-88880001', '3F'),
('外科',      '李建国', '010-88880002', '4F'),
('儿科',      '王芳',   '010-88880003', '2F'),
('妇产科',    '赵丽华', '010-88880004', '5F'),
('骨科',      '陈志远', '010-88880005', '6F'),
('ICU重症',   '刘国强', '010-88880006', '8F');

-- ============================================================
-- 病房数据（12个病房）
-- ============================================================
INSERT INTO wards(ward_name, dept_id, ward_type, capacity, price_per_day) VALUES
('301室', 1, '普通病房', 4, 150.00),
('302室', 1, '普通病房', 4, 150.00),
('303室', 1, '特需病房', 2, 500.00),
('401室', 2, '普通病房', 4, 150.00),
('402室', 2, '普通病房', 4, 150.00),
('403室', 2, '特需病房', 2, 500.00),
('201室', 3, '普通病房', 4, 120.00),
('202室', 3, '隔离病房', 2, 200.00),
('501室', 4, '普通病房', 4, 200.00),
('502室', 4, '特需病房', 2, 600.00),
('601室', 5, '普通病房', 4, 150.00),
('801室', 6, 'ICU',     4, 2000.00);

-- ============================================================
-- 病床数据（36张病床）
-- ============================================================
-- 内科 301室 (ward_id=1)
INSERT INTO beds(bed_no, ward_id, status, bed_type) VALUES
('01床', 1, '已占用', '普通床'),
('02床', 1, '已占用', '普通床'),
('03床', 1, '空闲',   '普通床'),
('04床', 1, '空闲',   '普通床');

-- 内科 302室 (ward_id=2)
INSERT INTO beds(bed_no, ward_id, status, bed_type) VALUES
('01床', 2, '已占用', '普通床'),
('02床', 2, '空闲',   '普通床'),
('03床', 2, '空闲',   '普通床'),
('04床', 2, '维修中', '升降床');

-- 内科 303室 (ward_id=3，特需)
INSERT INTO beds(bed_no, ward_id, status, bed_type) VALUES
('01床', 3, '已占用', '升降床'),
('02床', 3, '空闲',   '升降床');

-- 外科 401室 (ward_id=4)
INSERT INTO beds(bed_no, ward_id, status, bed_type) VALUES
('01床', 4, '已占用', '普通床'),
('02床', 4, '已占用', '普通床'),
('03床', 4, '空闲',   '普通床'),
('04床', 4, '空闲',   '普通床');

-- 外科 402室 (ward_id=5)
INSERT INTO beds(bed_no, ward_id, status, bed_type) VALUES
('01床', 5, '空闲',   '普通床'),
('02床', 5, '空闲',   '普通床'),
('03床', 5, '空闲',   '普通床'),
('04床', 5, '空闲',   '普通床');

-- 外科 403室 (ward_id=6，特需)
INSERT INTO beds(bed_no, ward_id, status, bed_type) VALUES
('01床', 6, '空闲',   '升降床'),
('02床', 6, '空闲',   '升降床');

-- 儿科 201室 (ward_id=7)
INSERT INTO beds(bed_no, ward_id, status, bed_type) VALUES
('01床', 7, '已占用', '普通床'),
('02床', 7, '空闲',   '普通床'),
('03床', 7, '空闲',   '普通床'),
('04床', 7, '空闲',   '普通床');

-- 儿科 202室 (ward_id=8，隔离)
INSERT INTO beds(bed_no, ward_id, status, bed_type) VALUES
('01床', 8, '空闲',   '普通床'),
('02床', 8, '空闲',   '普通床');

-- 妇产科 501室 (ward_id=9)
INSERT INTO beds(bed_no, ward_id, status, bed_type) VALUES
('01床', 9, '已占用', '普通床'),
('02床', 9, '空闲',   '普通床'),
('03床', 9, '空闲',   '普通床'),
('04床', 9, '空闲',   '升降床');

-- 妇产科 502室 (ward_id=10，特需)
INSERT INTO beds(bed_no, ward_id, status, bed_type) VALUES
('01床', 10, '空闲',  '升降床'),
('02床', 10, '空闲',  '升降床');

-- 骨科 601室 (ward_id=11)
INSERT INTO beds(bed_no, ward_id, status, bed_type) VALUES
('01床', 11, '已占用', '升降床'),
('02床', 11, '空闲',   '升降床'),
('03床', 11, '空闲',   '升降床'),
('04床', 11, '空闲',   '升降床');

-- ICU 801室 (ward_id=12)
INSERT INTO beds(bed_no, ward_id, status, bed_type) VALUES
('01床', 12, '空闲', 'ICU床'),
('02床', 12, '空闲', 'ICU床'),
('03床', 12, '空闲', 'ICU床'),
('04床', 12, '空闲', 'ICU床');

-- ============================================================
-- 患者数据（12名患者）
-- ============================================================
INSERT INTO patients(name, gender, age, id_card, phone, address, blood_type, allergy_history) VALUES
('李明',   '男', 45, '110101197903152345', '13800138001', '北京市朝阳区望京街道100号', 'A',  '无'),
('张红',   '女', 62, '110102196210112346', '13800138002', '北京市海淀区中关村南大街20号', 'B', '青霉素过敏'),
('王强',   '男', 35, '110103198906052347', '13800138003', '北京市东城区王府井大街30号', 'O',  '无'),
('赵敏',   '女', 28, '110104199507202348', '13800138004', '北京市西城区金融街15号', 'AB', '无'),
('刘洋',   '男', 7,  '110105202303012349', '13800138005', '北京市丰台区方庄路8号', 'A',  '花粉过敏'),
('孙丽',   '女', 52, '110106197205182350', '13800138006', '北京市通州区九棵树西路22号', 'B',  '磺胺过敏'),
('周杰',   '男', 68, '110107195608242351', '13800138007', '北京市大兴区黄村镇12号', 'O',  '高血压、糖尿病'),
('吴婷',   '女', 25, '110108199812072352', '13800138008', '北京市石景山区古城路5号', 'A',  '无'),
('郑刚',   '男', 41, '110109198302192353', '13800138009', '北京市昌平区回龙观18号', 'B',  '无'),
('陈雪',   '女', 33, '110110199010282354', '13800138010', '北京市顺义区空港街道7号', 'AB', '无'),
('马东',   '男', 55, '110111196907152355', '13800138011', '北京市海淀区学院路15号', 'O',  '头孢过敏'),
('黄蕾',   '女', 30, '110112199405082356', '13800138012', '北京市朝阳区双井路3号', 'A',  '无');

-- ============================================================
-- 医生数据（10名医生）
-- ============================================================
INSERT INTO doctors(name, gender, title, dept_id, phone, specialty) VALUES
('张伟明', '男', '主任医师', 1, '13901010001', '消化内科'),
('李芳',   '女', '副主任医师', 1, '13901010002', '心血管内科'),
('李建国', '男', '主任医师', 2, '13901010003', '普外科'),
('王磊',   '男', '主治医师', 2, '13901010004', '肝胆外科'),
('王芳',   '女', '主任医师', 3, '13901010005', '儿科'),
('刘敏',   '女', '副主任医师', 3, '13901010006', '新生儿科'),
('赵丽华', '女', '主任医师', 4, '13901010007', '产科'),
('陈志远', '男', '主任医师', 5, '13901010008', '创伤骨科'),
('刘国强', '男', '主任医师', 6, '13901010009', '危重症医学'),
('杨琳',   '女', '主治医师', 6, '13901010010', '危重症医学');

-- ============================================================
-- 护士数据（10名护士）
-- ============================================================
INSERT INTO nurses(name, gender, dept_id, phone, shift) VALUES
('林小燕', '女', 1, '13701020001', '白班'),
('周美玲', '女', 1, '13701020002', '夜班'),
('陈佳慧', '女', 2, '13701020003', '白班'),
('吴丽华', '女', 2, '13701020004', '夜班'),
('许春梅', '女', 3, '13701020005', '白班'),
('朱婷婷', '女', 4, '13701020006', '白班'),
('徐娟',   '女', 5, '13701020007', '白班'),
('何静',   '女', 6, '13701020008', '白班'),
('马晓燕', '女', 6, '13701020009', '夜班'),
('孙晓丽', '女', 3, '13701020010', '夜班');

-- ============================================================
-- 住院记录数据（8条在院记录）
-- ============================================================
-- 内科 301-01床 李明 -> doctor_id=1(张伟明) nurse_id=1(林小燕)
INSERT INTO inpatient_records(patient_id, bed_id, doctor_id, nurse_id, admit_date, admit_diagnosis, status, deposit)
VALUES(1, 1, 1, 1, '2026-05-20 10:30:00', '慢性胃炎急性发作', '在院', 5000.00);

-- 内科 301-02床 张红 -> doctor_id=2(李芳) nurse_id=1(林小燕)
INSERT INTO inpatient_records(patient_id, bed_id, doctor_id, nurse_id, admit_date, admit_diagnosis, status, deposit)
VALUES(2, 2, 2, 1, '2026-06-01 14:00:00', '高血压病3级，冠心病', '在院', 3000.00);

-- 内科 302-01床 王强 -> doctor_id=1(张伟明) nurse_id=2(周美玲)
INSERT INTO inpatient_records(patient_id, bed_id, doctor_id, nurse_id, admit_date, admit_diagnosis, status, deposit)
VALUES(3, 5, 1, 2, '2026-06-05 09:15:00', '急性肠胃炎', '在院', 2000.00);

-- 内科 303-01床 赵敏 (特需) -> doctor_id=2(李芳) nurse_id=2(周美玲)
INSERT INTO inpatient_records(patient_id, bed_id, doctor_id, nurse_id, admit_date, admit_diagnosis, status, deposit)
VALUES(4, 9, 2, 2, '2026-06-08 16:00:00', '胸闷查因', '在院', 8000.00);

-- 外科 401-01床 孙丽 -> doctor_id=3(李建国) nurse_id=3(陈佳慧)
INSERT INTO inpatient_records(patient_id, bed_id, doctor_id, nurse_id, admit_date, admit_diagnosis, status, deposit)
VALUES(6, 10, 3, 3, '2026-06-03 11:00:00', '胆囊结石伴胆囊炎', '在院', 10000.00);

-- 外科 401-02床 周杰 -> doctor_id=4(王磊) nurse_id=3(陈佳慧)
INSERT INTO inpatient_records(patient_id, bed_id, doctor_id, nurse_id, admit_date, admit_diagnosis, status, deposit)
VALUES(7, 11, 4, 3, '2026-06-10 08:30:00', '急性阑尾炎', '在院', 5000.00);

-- 儿科 201-01床 刘洋 -> doctor_id=5(王芳) nurse_id=5(许春梅)
INSERT INTO inpatient_records(patient_id, bed_id, doctor_id, nurse_id, admit_date, admit_diagnosis, status, deposit)
VALUES(5, 19, 5, 5, '2026-06-12 20:00:00', '小儿肺炎', '在院', 3000.00);

-- 妇产科 501-01床 吴婷 -> doctor_id=7(赵丽华) nurse_id=6(朱婷婷)
INSERT INTO inpatient_records(patient_id, bed_id, doctor_id, nurse_id, admit_date, admit_diagnosis, status, deposit)
VALUES(8, 25, 7, 6, '2026-06-13 06:00:00', '待产观察', '在院', 8000.00);

-- 骨科 601-01床 郑刚 -> doctor_id=8(陈志远) nurse_id=7(徐娟)
INSERT INTO inpatient_records(patient_id, bed_id, doctor_id, nurse_id, admit_date, admit_diagnosis, status, deposit)
VALUES(9, 29, 8, 7, '2026-06-07 13:45:00', '左胫骨骨折', '在院', 15000.00);

-- ============================================================
-- 已出院记录（2条，用于统计）
-- ============================================================
-- 患者陈雪 曾在 外科402-01床 住院后出院
INSERT INTO inpatient_records(patient_id, bed_id, doctor_id, nurse_id, admit_date, discharge_date, admit_diagnosis, discharge_diagnosis, status, deposit)
VALUES(10, 13, 4, 4, '2026-05-15 10:00:00', '2026-05-22 14:00:00', '急性胆囊炎', '胆囊炎治愈', '已出院', 5000.00);

-- 患者马东 曾在 内科302-03床 住院后出院
INSERT INTO inpatient_records(patient_id, bed_id, doctor_id, nurse_id, admit_date, discharge_date, admit_diagnosis, discharge_diagnosis, status, deposit)
VALUES(11, 7, 1, 1, '2026-05-20 09:00:00', '2026-06-05 10:00:00', '肺炎', '肺炎治愈', '已出院', 8000.00);

-- ============================================================
-- 医嘱数据
-- ============================================================
-- 李明(record_id=1) 的医嘱
INSERT INTO medical_orders(record_id, doctor_id, nurse_id, order_type, order_content, dosage, status, fee) VALUES
(1, 1, 1, '药品', '奥美拉唑钠注射液', '40mg bid 静脉注射', '已执行', 85.00),
(1, 1, 1, '检查', '胃镜检查', '', '已执行', 350.00),
(1, 1, NULL, '药品', '铝碳酸镁咀嚼片', '0.5g tid 口服', '已下达', 28.00);

-- 张红(record_id=2) 的医嘱
INSERT INTO medical_orders(record_id, doctor_id, nurse_id, order_type, order_content, dosage, status, fee) VALUES
(2, 2, NULL, '药品', '硝苯地平缓释片', '30mg qd 口服', '已审核', 45.00),
(2, 2, 1, '检查', '心脏彩超', '', '已执行', 260.00),
(2, 2, NULL, '护理', '每日血压监测', 'q4h', '已审核', 0.00);

-- 王强(record_id=3) 的医嘱
INSERT INTO medical_orders(record_id, doctor_id, nurse_id, order_type, order_content, dosage, status, fee) VALUES
(3, 1, 2, '药品', '左氧氟沙星注射液', '0.5g qd 静脉滴注', '已执行', 120.00),
(3, 1, NULL, '药品', '口服补液盐III', '1袋 tid 冲服', '已下达', 15.00);

-- 赵敏(record_id=4) 的医嘱
INSERT INTO medical_orders(record_id, doctor_id, nurse_id, order_type, order_content, dosage, status, fee) VALUES
(4, 2, NULL, '检查', '24小时动态心电图', '', '已审核', 480.00),
(4, 2, 2, '检查', '血常规+生化全项', '', '已执行', 180.00);

-- 孙丽(record_id=5) 的医嘱
INSERT INTO medical_orders(record_id, doctor_id, nurse_id, order_type, order_content, dosage, status, fee) VALUES
(5, 3, 3, '药品', '头孢曲松钠注射液', '2g qd 静脉滴注', '已执行', 156.00),
(5, 3, NULL, '手术', '腹腔镜胆囊切除术', '全身麻醉', '已审核', 3500.00);

-- 周杰(record_id=6) 的医嘱
INSERT INTO medical_orders(record_id, doctor_id, nurse_id, order_type, order_content, dosage, status, fee) VALUES
(6, 4, 3, '药品', '甲硝唑注射液', '0.5g bid 静脉滴注', '已执行', 68.00),
(6, 4, 3, '手术', '阑尾切除术', '硬膜外麻醉', '已执行', 2800.00);

-- 刘洋(record_id=7) 的医嘱
INSERT INTO medical_orders(record_id, doctor_id, nurse_id, order_type, order_content, dosage, status, fee) VALUES
(7, 5, 5, '药品', '阿奇霉素干混悬剂', '200mg qd 口服', '已执行', 35.00),
(7, 5, NULL, '护理', '雾化吸入布地奈德', 'bid', '已审核', 40.00);

-- 吴婷(record_id=8) 的医嘱
INSERT INTO medical_orders(record_id, doctor_id, nurse_id, order_type, order_content, dosage, status, fee) VALUES
(8, 7, NULL, '检查', '胎心监护', 'q4h', '已审核', 80.00),
(8, 7, 6, '药品', '缩宫素注射液', '2.5U 静脉滴注', '已执行', 25.00);

-- 郑刚(record_id=9) 的医嘱
INSERT INTO medical_orders(record_id, doctor_id, nurse_id, order_type, order_content, dosage, status, fee) VALUES
(9, 8, 7, '检查', '左胫腓骨正侧位X线', '', '已执行', 120.00),
(9, 8, 7, '药品', '布洛芬缓释胶囊', '300mg bid 口服', '已执行', 18.00),
(9, 8, NULL, '手术', '左胫骨骨折切开复位内固定术', '硬膜外麻醉', '已审核', 6800.00);

-- 已出院患者的医嘱
INSERT INTO medical_orders(record_id, doctor_id, nurse_id, order_type, order_content, dosage, status, fee) VALUES
(10, 4, 4, '药品', '熊去氧胆酸胶囊', '250mg tid 口服', '已执行', 96.00),
(10, 4, 4, '检查', '腹部B超', '', '已执行', 180.00),
(11, 1, 1, '药品', '莫西沙星片', '400mg qd 口服', '已执行', 220.00),
(11, 1, 1, '检查', '胸部CT', '', '已执行', 420.00);

-- ============================================================
-- 费用数据（部分由触发器自动生成，这里补充手动录入的费用）
-- ============================================================
-- 手动添加一些已结算的费用（这些是触发器生成之外的历史费用）
INSERT INTO charges(record_id, charge_type, amount, charge_date, remark) VALUES
(10, '床位费', 1050.00, '2026-05-15 10:00:00', '出院结算-床位费（7天）'),
(10, '药费',   96.00, '2026-05-16 09:00:00', '熊去氧胆酸胶囊'),
(10, '检查费', 180.00, '2026-05-16 10:00:00', '腹部B超'),
(11, '床位费', 2400.00, '2026-05-20 09:00:00', '出院结算-床位费（16天）'),
(11, '药费',   220.00, '2026-05-21 08:00:00', '莫西沙星片'),
(11, '检查费', 420.00, '2026-05-21 14:00:00', '胸部CT');

-- ============================================================
-- 每日床位费数据（部分在院患者的）
-- ============================================================
-- 为在院患者生成最近3天的床位费记录
INSERT INTO daily_bed_charges(record_id, charge_date, amount) VALUES
-- 李明 301室 150元/天
(1, '2026-06-12', 150.00),
(1, '2026-06-13', 150.00),
(1, '2026-06-14', 150.00),
-- 张红 301室 150元/天
(2, '2026-06-12', 150.00),
(2, '2026-06-13', 150.00),
(2, '2026-06-14', 150.00),
-- 王强 302室 150元/天
(3, '2026-06-12', 150.00),
(3, '2026-06-13', 150.00),
(3, '2026-06-14', 150.00),
-- 赵敏 303室特需 500元/天
(4, '2026-06-12', 500.00),
(4, '2026-06-13', 500.00),
(4, '2026-06-14', 500.00),
-- 孙丽 401室 150元/天
(5, '2026-06-12', 150.00),
(5, '2026-06-13', 150.00),
(5, '2026-06-14', 150.00),
-- 周杰 401室 150元/天
(6, '2026-06-12', 150.00),
(6, '2026-06-13', 150.00),
(6, '2026-06-14', 150.00),
-- 刘洋 201室 120元/天
(7, '2026-06-12', 120.00),
(7, '2026-06-13', 120.00),
(7, '2026-06-14', 120.00),
-- 吴婷 501室 200元/天
(8, '2026-06-13', 200.00),
(8, '2026-06-14', 200.00),
-- 郑刚 601室 150元/天
(9, '2026-06-12', 150.00),
(9, '2026-06-13', 150.00),
(9, '2026-06-14', 150.00);
